{"cameraMode":{"drawMode":0,"name":"Shaded","section":"Shading Mode"},"sceneLighting":false,"audioPlay":false,"sceneViewState":{"showFog":true,"showMaterialUpdate":true,"showSkybox":false,"showFlares":true,"showImageEffects":true,"showParticleSystems":true},"in2DMode":false,"pivot":{"x":417.3308410644531,"y":219.27243041992188,"z":0.0},"rotation":{"x":0.02549649588763714,"y":0.0077936830930411819,"z":-0.0001987985597224906,"w":0.9996444582939148},"size":237.0391387939453,"orthographic":false}